feature_id,geometry_type,geometry_longitude,geometry_latitude,ag_geom,x,y,long,lat,org_nam,str_use,str_nam,str_adr,stt_cde,alt_val,int_len,int_grd,sht_grd,lnd_siz,pad_siz,hor_rad,com_dat,use_dat,use_typ
LT_P_AISHCSTRIP.1,Point,128.706544444,34.860477778,POINT(128.706544444 34.860477778),128.706544443999974,34.860477777999961,"128° 42' 23.560"" E","34° 51' 37.720"" N",부항청,사용,한화오션㈜ 육상헬기장,경남 거제시 거제대로 3370(아주동 1번지),육상,32.15,1000,8:1,2:1,22×20,22×20,200,1981-07-27,1982-09-20,주간시계비행
LT_P_AISHCSTRIP.10,Point,126.41607666,34.809692383,POINT(126.41607666 34.809692383),126.416076659999931,34.809692382999970,"126° 24' 57.876"" E","34° 48' 34.893"" N",부항청,사용,목포한국병원 옥상헬기장,전남 목포시 상동 149-2번지,옥상,106.45,1000,8:1,2:1 1:1,18.24×15,18.24×15,200,2011-10-25,2011-12-09,주.야간시계비행
LT_P_AISHCSTRIP.11,Point,128.700927734,36.546508789,POINT(128.700927734 36.546508789),128.700927733999947,36.546508788999972,"128° 42' 3.340"" E","36° 32' 47.432"" N",부항청,사용,안동병원 옥상헬기장,안동시 수상동 574-2,옥상,146.5,1000,8:1,2:1,19×17,19×17,200,2012-03-28,2012-04-25,주.야간시계비행
LT_P_AISHCSTRIP.12,Point,128.414366667,36.1082861109999,POINT(128.414366667 36.1082861109999),128.414366666999967,36.108286110999927,"128° 24' 51.720"" E","36° 6' 29.830"" N",부항청,사용,삼성전자 SMART City 육상헬기장,경북 구미시 3공단 3로 302 (임수동),육상,35.8,1000,8:1,2:1 1:1,24×24,24×24,200,2013-03-04,2013-04-09,주간시계비행
LT_P_AISHCSTRIP.13,Point,129.428133894,35.5204384859999,POINT(129.428133894 35.5204384859999),129.428133893999984,35.520438485999932,"129° 25' 41.282"" E","35° 31' 13.579"" N",부항청,사용,울산대학교병원 옥상헬기장,울산광역시 동구 방어진순환도로 877,옥상,45.91,1000,8:1,2:1 1:1,27.2×27.2,27.2×27.2,200,2014-01-28,2015-01-19,주.야간시계비행
LT_P_AISHCSTRIP.14,Point,126.922583333,35.1406083329999,POINT(126.922583333 35.1406083329999),126.922583332999920,35.140608332999932,"126° 55' 21.300"" E","35° 8' 26.190"" N",부항청,사용,전남대학교병원 옥상헬기장,광주광역시 동구 제봉로 42,옥상,149.69,1000,8:1,2:1,27.2×27.2,27.2×27.2,200,2014-06-10,2015-08-31,주.야간시계비행
LT_P_AISHCSTRIP.15,Point,129.017563628,35.1009531419999,POINT(129.017563628 35.1009531419999),129.017563627999948,35.100953141999923,"129° 1' 3.229"" E","35° 6' 3.431"" N",부항청,사용,부산대학교병원 옥상헬기장,부산광역시 서구 구덕로179,옥상,87.5,1000,8:1,10:1 1:1,27.2×27.2,27.2×27.2,200,2014-11-20,2015-11-06,주.야간시계비행
LT_P_AISHCSTRIP.16,Point,128.603884922,35.866366738,POINT(128.603884922 35.866366738),128.603884921999907,35.866366737999954,"128° 36' 13.986"" E","35° 51' 58.920"" N",부항청,사용,경북대학교병원 옥상헬기장,대구광역시 중구 동덕로 130,옥상,91.63,1000,8:1,2:1,27.2×27.2,27.2×27.2,200,2015-12-14,2015-12-15,주.야간시계비행
LT_P_AISHCSTRIP.17,Point,129.372613889,36.6239555559999,POINT(129.372613889 36.6239555559999),129.372613888999922,36.623955555999942,"129° 22' 21.410"" E","36° 37' 26.240"" N",부항청,사용,삼성전자 영덕연수원 옥상헬기장,경북 영덕군 병곡면 영리 산 153,옥상,274,1000,8:1,2:1,29.9×29.9,29.9×29.9,200,2017-07-19,2017-07-31,주간시계비행
LT_P_AISHCSTRIP.18,Point,128.06,35.0761111109999,POINT(128.06 35.0761111109999),128.059999999999945,35.076111110999932,"128° 3' 36.000"" E","35° 4' 34.000"" N",부항청,사용,한국항공우주산업㈜ 육상헬기장,경남 사천시 사남면 유천리 803번지,육상,6.2,1000,8:2,2:2,42×42,42×42,200,2017-02-13,2017-02-14,주.야간시계비행
LT_P_AISHCSTRIP.19,Point,129.185913086,35.1774902339999,POINT(129.185913086 35.1774902339999),129.185913085999914,35.177490233999947,"129° 11' 9.287"" E","35° 10' 38.965"" N",부항청,사용,부산소방항공구조대 육상헬기장,부산 해운대구 좌동 200(해운대로 913),육상,40,1000,8:1,2:1,16*16,16*16,200,2008-01-01,2008-01-01,주.야간시계비행
LT_P_AISHCSTRIP.2,Point,129.3875,36.9986111109999,POINT(129.3875 36.9986111109999),129.387499999999932,36.998611110999946,"129° 23' 15.000"" E","36° 59' 55.000"" N",부항청,사용,㈜포스코 헬기장,경북 포항시 남구 동해안로 6261 포스코,육상,5,310,8:1,2:1,27.2×27.2이상,25×25,200,1982-03-04,1982-04-10,주간시계비행
LT_P_AISHCSTRIP.20,Point,129.171081543,35.493286133,POINT(129.171081543 35.493286133),129.171081542999900,35.493286132999970,"129° 10' 15.894"" E","35° 29' 35.830"" N",부항청,사용,울산소방항공구조대 육상헬기장,울산 울주군 삼동면 출강리 산170,육상,155,1000,8:1,2:1,20*20,20*20,200,2008-01-01,2008-01-01,주.야간시계비행
LT_P_AISHCSTRIP.21,Point,126.702777778,34.8291666669999,POINT(126.702777778 34.8291666669999),126.702777777999927,34.829166666999924,"126° 42' 10.000"" E","34° 49' 45.000"" N",부항청,사용,전남소방본부 항공대 육상헬기장,전남 영암군 덕진면 백계리 689-32,육상,24,1000,8:1,2:1,20*20,20*20,200,2008-01-01,2008-01-01,주.야간시계비행
LT_P_AISHCSTRIP.22,Point,129.093322754,35.496276855,POINT(129.093322754 35.496276855),129.093322753999928,35.496276854999962,"129° 5' 35.962"" E","35° 29' 46.597"" N",부항청,사용,양산산림항공 관리소 육상헬기장,경남 양산 하북면 순지리 207-3,육상,130,1000,8:1,2:1,20*20,20*20,200,2008-01-01,2008-01-01,주.야간시계비행
LT_P_AISHCSTRIP.23,Point,126.7025,34.8280555559999,POINT(126.7025 34.8280555559999),126.702499999999986,34.828055555999924,"126° 42' 9.000"" E","34° 49' 41.000"" N",부항청,사용,영암산림항공 관리소 육상헬기장,전남 영암군 덕진면 백계리 686-3,육상,45,1000,8:1,2:1,20*20,20*20,200,2008-01-01,2008-01-01,주.야간시계비행
LT_P_AISHCSTRIP.24,Point,128.728163056,36.5391190779999,POINT(128.728163056 36.5391190779999),128.728163055999971,36.539119077999942,"128° 43' 41.387"" E","36° 32' 20.829"" N",부항청,사용,안동산림항공 관리소 헬기장,경북 안동 정하동 148-1,육상,205,1000,8:1,2:1,18*18,18*18,200,2008-01-01,2008-01-01,주.야간시계비행
LT_P_AISHCSTRIP.25,Point,127.798278809,35.483276367,POINT(127.798278809 35.483276367),127.798278808999953,35.483276366999974,"127° 47' 53.804"" E","35° 28' 59.795"" N",부항청,사용,함양산림항공 관리소 헬기장,경남 함양군 유림면 국계리 산161,육상,199,1000,8:1,2:1,20*20,20*20,200,2008-01-01,2008-01-01,주.야간시계비행
LT_P_AISHCSTRIP.26,Point,129.453633333,36.784522222,POINT(129.453633333 36.784522222),129.453633332999971,36.784522221999964,"129° 27' 13.080"" E","36° 47' 4.280"" N",부항청,사용,울진산림항공 관리소 헬기장,경북 울진군 기성면 정명리 산26번지,육상,51,1000,8:1,2:1,33×33,33×33,200,2011-09-22,2014-11-20,주.야간시계비행
LT_P_AISHCSTRIP.27,Point,128.386386111,35.6601777779999,POINT(128.386386111 35.6601777779999),128.386386110999979,35.660177777999934,"128° 23' 10.990"" E","35° 39' 36.640"" N",부항청,사용,중앙119구조단 헬기장,대구광역시 달성군 구지면 수리리 1158,육상,23.5,1000,8:1,2:1,50×140,16.2×16.2 *3EA,200,2012-12-11,2014-12-17,주.야간시계비행
LT_P_AISHCSTRIP.28,Point,128.116460794,35.554569936,POINT(128.116460794 35.554569936),128.116460793999977,35.554569935999950,"128° 6' 59.259"" E","35° 33' 16.452"" N",부항청,사용,경남소방본부헬기장,경남 합천군 용주면 고품리 910-210일원,육상,44.42,1000,8:1,2:1,44×44,24×24,200,2016-10-13,2018-01-08,주.야간시계비행
LT_P_AISHCSTRIP.29,Point,128.071987776,35.082343764,POINT(128.071987776 35.082343764),128.071987775999901,35.082343763999972,"128° 4' 19.156"" E","35° 4' 56.438"" N",부항청,사용,사천 한국항공서비스 육상헬기장,경남 사천시 사천읍 용당리 55,육상,6.2,1000,8:2,2:2,42×42,42×42,200,2020-02-13,2020-02-13,주.야간시계비행
LT_P_AISHCSTRIP.3,Point,128.603055556,35.1827777779999,POINT(128.603055556 35.1827777779999),128.603055555999958,35.182777777999945,"128° 36' 11.000"" E","35° 10' 58.000"" N",부항청,사용,두산에너빌리티㈜ 육상헬기장,경남 창원시 귀곡동 555 두산중공업㈜총무팀,육상,17.5,1200,8:1,2:1,22×22,22×22,400,1985-05-06,1985-07-20,주간시계비행
LT_P_AISHCSTRIP.30,Point,126.995219444,34.872175,POINT(126.995219444 34.872175),126.995219443999986,34.872174999999970,"126° 59' 42.790"" E","34° 52' 19.830"" N",부항청,사용,호남 119특수구조대 헬기장,전남 화순군 이양면 율계리 815-3,육상,86.76,1000,8:2,2:2,43.5×43.5,39×78,200,2020-02-04,2020-02-04,주.야간시계비행
LT_P_AISHCSTRIP.31,Point,129.229347222,36.0677388889999,POINT(129.229347222 36.0677388889999),129.229347221999888,36.067738888999941,"129° 13' 45.650"" E","36° 4' 3.860"" N",부항청,사용,경북 119 특수대응단 육상헬기장,경북 포항시 북구 기계면 내단리 518-1번지,육상,70.207,1000,8:1,2:1,35.1x35.1,35.1x35.1,200,2022-04-27,2022-07-20,주.야간시계비행
LT_P_AISHCSTRIP.32,Point,127.210552778,34.627013889,POINT(127.210552778 34.627013889),127.210552777999965,34.627013888999954,"127° 12' 37.990"" E","34° 37' 37.250"" N",부항청,사용,그랜드 챌린지 실증시설,전남 고흥군 고흥읍 고소리 1167번지 일원,육상,0.6,1000,8:1,2:1,7.5x7.5,,200,2022-07-29,1900-01-00,
LT_P_AISHCSTRIP.33,Point,128.707770477,35.198964525,POINT(128.707770477 35.198964525),128.707770476999940,35.198964524999951,"128° 42' 27.974"" E","35° 11' 56.272"" N",부항청,사용,경상대학교병원 육상헬기장,경상남도 진주시 주약동 776-1일원,육상,25.49,1000,8:1,2:1,22.3x22.3 (15 x 15),22.3x22.3,200,2023-10-31,2024-06-14,주.야간시계비행
LT_P_AISHCSTRIP.34,Point,128.315691667,35.149508333,POINT(128.315691667 35.149508333),128.315691666999896,35.149508332999972,"128° 18' 56.490"" E","35° 8' 58.230"" N",부항청,사용,회전익 비행센터(KAI),경상남도 진주시 이반성면 가산리 1396번지,육상,84.86,1000,8:1,2:1,42x42 (23 x 23),42x42,200,2023-10-31,2024-06-14,주.야간시계비행
LT_P_AISHCSTRIP.35,Point,126.981323242,37.4252929689999,POINT(126.981323242 37.4252929689999),126.981323241999917,37.425292968999941,"126° 58' 52.764"" E","37° 25' 31.055"" N",서항청,사용,행정자치부 과천헬기장,경기도 과천시 중앙동 3번지,국가 기관,62,1000,1:8,1:2,72m×73m,51.8m×51.8m,200,83.06.11,84.01.10,주간시계 비행
LT_P_AISHCSTRIP.36,Point,126.753723145,36.6826782229999,POINT(126.753723145 36.6826782229999),126.753723144999981,36.682678222999925,"126° 45' 13.403"" E","36° 40' 57.642"" N",서항청,사용,유아이헬리콥터 헬기장,충남 예산군 삽교읍 효림리 8-10번지,사설,22.6,1000,1:8,1:4,30m×30m,30m×30m,200,88.09.09,88.12.10,주간시계 비행
LT_P_AISHCSTRIP.37,Point,127.07208252,37.5192871089999,POINT(127.07208252 37.5192871089999),127.072082519999981,37.519287108999947,"127° 4' 19.497"" E","37° 31' 9.434"" N",서항청,사용,잠실헬기장,서울 송파구 잠실동 1-1번지,국가 기관,10,1000,1:8,1:2,50m×50m,20m×20m,200,92.12.26,92.12.30,주간시계 비행
LT_P_AISHCSTRIP.38,Point,127.382823377,36.3626588719999,POINT(127.382823377 36.3626588719999),127.382823376999909,36.362658871999940,"127° 22' 58.164"" E","36° 21' 45.572"" N",서항청,사용,정부대전청사 헬기장,대전시 서구 둔산동 920번지,국가 기관,43.9,1000,1:8,1:2,21m×21m,21m×21m,200,93.08.19,98.02.10,주간시계 비행
LT_P_AISHCSTRIP.39,Point,126.916503906,37.524108887,POINT(126.916503906 37.524108887),126.916503905999889,37.524108886999954,"126° 54' 59.414"" E","37° 31' 26.792"" N",서항청,사용,한국방송공사 헬기장,서울 영등포구 여의도동 18(KBS본관 옥상),사설 옥상,32.28,1000,1:8,1:1,22m×22m,19m×19m,200,95.04.20,95.09.06,주간시계 비행
LT_P_AISHCSTRIP.4,Point,128.611727809,34.8986505639999,POINT(128.611727809 34.8986505639999),128.611727808999945,34.898650563999922,"128° 36' 42.220"" E","34° 53' 55.142"" N",부항청,사용,삼성중공업㈜ 육상헬기장,경남 거제시 장평동 산 6-1번지,육상,90,1000,8:1,2:1,25×25,25×25,200,1994-07-25,1995-11-06,주간시계비행
LT_P_AISHCSTRIP.40,Point,126.634094238,37.4589233399999,POINT(126.634094238 37.4589233399999),126.634094237999989,37.458923339999956,"126° 38' 2.739"" E","37° 27' 32.124"" N",서항청,사용,인하대병원 헬기장,인천시 중구 신흥동 3가 7-206번지,사설,8,1000,1:8,1:2,21m×21m,21m×21m,200,95.12.02,96.08.23,주.야간시계비행
LT_P_AISHCSTRIP.41,Point,126.961730957,37.516479492,POINT(126.961730957 37.516479492),126.961730956999986,37.516479491999974,"126° 57' 42.231"" E","37° 30' 59.326"" N",서항청,사용,중지도(노들섬)헬기장,서울 용산구 이촌동 중지도(한강대교),공용,10.65,1000,1:8,1:2,25m×25m,25m×25m,200,96.05.20,96.12.10,주간시계 비행
LT_P_AISHCSTRIP.42,Point,127.300344722,37.3323938889999,POINT(127.300344722 37.3323938889999),127.300344721999977,37.332393888999945,"127° 18' 1.241"" E","37° 19' 56.618"" N",서항청,사용,곤지암CC 헬기장,경기도 광주시 도척면 도웅리 210-2번지,사설,214.3,1000,1:8,1:1 1:2,22.5m×20m,22.5m×20m,200,96.05.20,96.11.25,주간시계 비행
LT_P_AISHCSTRIP.43,Point,127.403930664,36.3623046879999,POINT(127.403930664 36.3623046879999),127.403930663999972,36.362304687999938,"127° 24' 14.150"" E","36° 21' 44.297"" N",서항청,사용,㈜헬리코리아 헬기장,대전시 대덕구 대화동 282-13번지,사설,61.2,1000,1:8,1:1 1:2,25m×25m,25m×25m,200,97.03.03,97.08.07,주간시계 비행
LT_P_AISHCSTRIP.44,Point,127.108055556,37.673083333,POINT(127.108055556 37.673083333),127.108055555999954,37.673083332999965,"127° 6' 29.000"" E","37° 40' 23.100"" N",서항청,신규 설치,남양주 중앙119 구조본부 헬기장,경기도 남양주시 별내동 산237-31번지 일원,국가 기관,100.0m,"1,000m",1:8,1:2,44.0 X 44.0m,24.0 X 24.0m,200m,19.3.13.,'24.05.07,주.야간시계비행
LT_P_AISHCSTRIP.45,Point,127.173716277,36.8438630539999,POINT(127.173716277 36.8438630539999),127.173716276999926,36.843863053999939,"127° 10' 25.379"" E","36° 50' 37.907"" N",서항청,사용,단국대학교 병원헬기장,충남 천안시 안서동 산8-3번지,사설,103,1000,1:8,1:2,24m×24m,24m×24m,200,00.05.01,01.11.03,주.야간시계비행
LT_P_AISHCSTRIP.46,Point,127.031681319,37.270858904,POINT(127.031681319 37.270858904),127.031681318999972,37.270858903999965,"127° 1' 54.053"" E","37° 16' 15.092"" N",서항청,사용,KBS수원센터헬기장,경기도 수원시 팔달구 인계동 292번지,사설 옥상,73.1,1000,1:8,1:2,18.3m×21.4m,18.3m×21.4m,200,01.06.01,01.09.07,주간시계 비행
LT_P_AISHCSTRIP.47,Point,126.29875,36.590844444,POINT(126.29875 36.590844444),126.298749999999927,36.590844443999970,"126° 17' 55.500"" E","36° 35' 27.040"" N",서항청,사용,한서대학교 태안 비행장,충남 태안군 남면 신온리 산105번지일원,사설,4.89m,"3,000m",1:25,1:7,"1,180m×25m","1,180m×25m","1,500m",05.1.12,05.8.25,주간시계 비행
LT_P_AISHCSTRIP.48,Point,126.572692871,37.618286133,POINT(126.572692871 37.618286133),126.572692870999958,37.618286132999970,"126° 34' 21.694"" E","37° 37' 5.830"" N",서항청,사용,김포항공산업 단지 헬기장,경기도 김포시 대곶면 대벽리 1063번지,사설,7.52m,"1,000m",1:8,1:2,46m×46m (34m*34m),46m×46m (34m*34m),200,07. 7. 27,07.10.18,"주,야간시계비행"
LT_P_AISHCSTRIP.49,Point,127.027099609,37.496704102,POINT(127.027099609 37.496704102),127.027099608999947,37.496704101999967,"127° 1' 37.559"" E","37° 29' 48.135"" N",서항청,사용,서초동 복합 빌딩 헬기장,서울 서초구 서초동 1320-1번지,사설 옥상,218.90m,1000,4.72222222222222E-02,1:2,25.5m×24.0m,25.5m×24.0m,200,07.10.15,08. 7.29,"주,야간시계비행"
LT_P_AISHCSTRIP.5,Point,126.806720216,35.2032692299999,POINT(126.806720216 35.2032692299999),126.806720215999917,35.203269229999933,"126° 48' 24.193"" E","35° 12' 11.769"" N",부항청,사용,삼성전자 육상헬기장,광주시 광산구 오선동 271번지,육상,31.8,1000,8:1,2:1 1:1,25×25,25×25,200,1995-02-09,1995-05-14,주간시계비행
LT_P_AISHCSTRIP.50,Point,126.815055556,37.152580556,POINT(126.815055556 37.152580556),126.815055555999948,37.152580555999975,"126° 48' 54.200"" E","37° 9' 9.290"" N",서항청,사용,현대자동차㈜ 남양연구소 육상헬기장,경기도 화성시 장덕동 772-1번지,사설,2.05m,"1,000m",4.72222222222222E-02,1:2,75.0m×27.0m,75.0m×27.0m,200m,09.12.23,10.1.14,"주,야간시계비행"
LT_P_AISHCSTRIP.51,Point,127.20825,37.2962416669999,POINT(127.20825 37.2962416669999),127.208249999999907,37.296241666999947,"127° 12' 29.700"" E","37° 17' 46.470"" N",서항청,사용,파미(에버랜드)헬기장2,경기도 용인시 처인구 포곡읍 유운리 518번지외 2,사설,126.5m,"1,000m",1:8,1:2,25m×25m,25m×25m,200m,11.2.14,11.4.14.,주간시계비행
LT_P_AISHCSTRIP.52,Point,127.799111111,37.4096111109999,POINT(127.799111111 37.4096111109999),127.799111110999888,37.409611110999947,"127° 47' 56.800"" E","37° 24' 34.600"" N",서항청,사용,산림항공본부 육상헬기장,강원도 원주시 지정면 판대리 산27-1번지,국가 기관,170.00m,"1,000m",1:8,1:2,33.0m×33.0m,33.0m×33.0m,200m,10.4.12,13.10.21.,"주,야간시계비행"
LT_P_AISHCSTRIP.53,Point,126.707563889,37.4524972219999,POINT(126.707563889 37.4524972219999),126.707563888999971,37.452497221999920,"126° 42' 27.230"" E","37° 27' 8.990"" N",서항청,사용,길병원 옥상헬기장,인천시 남동구 구월동 1141-16번지,사설,111.96m,"1,000m",1:8,1:1 1:10,16.5m×21m,16.5m×21m,200m,11.9.9.,11.10.4.,"주,야간시계비행"
LT_P_AISHCSTRIP.54,Point,126.789306641,36.3853149409999,POINT(126.789306641 36.3853149409999),126.789306640999939,36.385314940999933,"126° 47' 21.504"" E","36° 23' 7.134"" N",서항청,사용,산림청 청양 육상헬기장,충청남도 청양군 남양면 용두리 산28-1번지일원,공용,135,1000,1:8,1:2,33.0m×33.0m,33.0m×33.0m,200m,09.6.17.,12.12.4.,"주,야간시계비행"
LT_P_AISHCSTRIP.55,Point,127.461211111,36.6232527779999,POINT(127.461211111 36.6232527779999),127.461211110999898,36.623252777999937,"127° 27' 40.360"" E","36° 37' 23.710"" N",서항청,사용,충북대학교병원 옥상헬기장,충북 청주시 흥덕구 1순환로 776,사설,115.81m,"1,000m",1:8,1:2,16m×21m,16m×21m,200m,12.1.9.,15.5.26.,"주,야간시계비행"
LT_P_AISHCSTRIP.56,Point,127.240117004,36.5313896509999,POINT(127.240117004 36.5313896509999),127.240117003999899,36.531389650999927,"127° 14' 24.421"" E","36° 31' 53.003"" N",서항청,사용,세종 정부청사 헬기장,세종특별자치시 고운동 587-2,국가 기관,107.09m,"1,000m",1:8,1:2,56m×27m,,200m,12.7.23.,12.12.26.,"주,야간시계비행"
LT_P_AISHCSTRIP.57,Point,127.946472168,37.3479003909999,POINT(127.946472168 37.3479003909999),127.946472167999900,37.347900390999939,"127° 56' 47.300"" E","37° 20' 52.441"" N",서항청,사용,원주기독병원 옥상헬기장,강원도 원주시 일산동 162,사설,169m,"1,000m",1:8,1:1 1:10,18.24m×15m,18.24m×15m,200m,12.8.20.,13.3.15.,"주,야간시계비행"
LT_P_AISHCSTRIP.58,Point,127.057013889,37.2559249999999,POINT(127.057013889 37.2559249999999),127.057013888999904,37.255924999999934,"127° 3' 25.250"" E","37° 15' 21.330"" N",서항청,사용,삼성전자㈜ 옥상헬기장,경기도 수원시 영통구 매탄동 560번지,사설,47.90m,"1,000m",1:8,1:2,,24m×24m,200m,12.3.18.,13.5.23.,주간시계비행
LT_P_AISHCSTRIP.59,Point,127.043142919,37.464707814,POINT(127.043142919 37.464707814),127.043142918999933,37.464707813999951,"127° 2' 35.315"" E","37° 27' 52.948"" N",서항청,사용,현대자동차 본사 옥상헬기장,서울시 서초구 양재동 231번지,사설,129.15,"1,000m",1:8,1:2,19.50m×22.5m,,200m,13.4.9.,13.5.21.,"주,야간시계비행"
LT_P_AISHCSTRIP.6,Point,130.002599444,35.427728611,POINT(130.002599444 35.427728611),130.002599443999884,35.427728610999964,"130° 0' 9.358"" E","35° 25' 39.823"" N",부항청,사용,동해-1가스전 해상헬기장,울산광역시 앞바다 동남쪽 58km,해상,47.6,1000,0.292361111111111,2:1,22.3×22.3,22.3×22.3,200,2004-06-03,2004-10-01,주·야간시계비행
LT_P_AISHCSTRIP.60,Point,127.4113,36.697175,POINT(127.4113 36.697175),127.411299999999983,36.697174999999959,"127° 24' 40.680"" E","36° 41' 49.830"" N",서항청,사용,LG화학 오창 옥상헬기장,충북 청원군 옥산면 남촌리 1114-1번지,사설,62.8,"1,000m",1:8,1:2,19.20m×22.1m,19.20m×16.1m,200m,13.6.12.,13.7.15.,"주,야간시계비행"
LT_P_AISHCSTRIP.61,Point,126.951465742,37.3259849999999,POINT(126.951465742 37.3259849999999),126.951465741999982,37.325984999999946,"126° 57' 5.277"" E","37° 19' 33.546"" N",서항청,사용,현대자동차 의왕연구소 옥상헬기장,경기도 의왕시 삼동 576,사설,161.02m,"1,000m",1:8,1:2,19.50m×22.5m,19.50m×16.5m,200m,13.4.9.,13.8.8.,"주,야간시계비행"
LT_P_AISHCSTRIP.62,Point,126.9296875,37.5280761719999,POINT(126.9296875 37.5280761719999),126.929687499999886,37.528076171999942,"126° 55' 46.875"" E","37° 31' 41.074"" N",서항청,사용,LG트윈타워 옥상헬기장 (동관),서울시 영등포구 여의도동 20번지,사설,151m,"1,000m",1:8,1:2,19.2m×22.1m,19.20m×16.1m,200m,13.6.14.,13.8.1.,"주,야간 시계비행"
LT_P_AISHCSTRIP.63,Point,126.928710938,37.527709961,POINT(126.928710938 37.527709961),126.928710937999881,37.527709960999971,"126° 55' 43.359"" E","37° 31' 39.756"" N",서항청,사용,LG트윈타워 옥상헬기장 (서관),서울시 영등포구 여의도동 20번지,사설,151m,"1,000m",1:8,1:2,19.1m×22.1m,19.20m×16.1m,200m,13.6.14.,13.8.1.,"주,야간 시계비행"
LT_P_AISHCSTRIP.64,Point,127.382324219,36.3555297849999,POINT(127.382324219 36.3555297849999),127.382324218999884,36.355529784999931,"127° 22' 56.367"" E","36° 21' 19.907"" N",서항청,사용,을지병원 옥상헬기장,대전 서구 둔산서로 95,사설,123.08m,"1,000m",1:8,1:2,27.2m×27.2m,15m×15m,200m,14.3.17.,14.12.24.,"주,야간 시계비행"
LT_P_AISHCSTRIP.65,Point,127.047485352,37.27947998,POINT(127.047485352 37.27947998),127.047485351999967,37.279479979999962,"127° 2' 50.947"" E","37° 16' 46.128"" N",서항청,사용,아주대병원 옥상헬기장,경기도 수원시 영통구 월드컵로 164,사설,123.6m,"1,000m",1:8,1:2,27.16m×27.16m,15m×15m,200m,14.6.19.,16.3.29.,"주,야간 시계비행"
LT_P_AISHCSTRIP.66,Point,126.642089844,37.5554809569999,POINT(126.642089844 37.5554809569999),126.642089843999884,37.555480956999929,"126° 38' 31.523"" E","37° 33' 19.731"" N",서항청,사용,LG마그나 옥상헬기장 (구 LG전자 인천캠퍼스 옥상헬기장),인천시 서구 경명대로 322,사설,60m,"1,000m",1:8,1:2,35.4m×35.4m,19.2m×19.2m,200m,16.2.4.,17.7.19.,"주,야간 시계비행"
LT_P_AISHCSTRIP.67,Point,127.500302778,36.726133333,POINT(127.500302778 36.726133333),127.500302777999991,36.726133332999950,"127° 30' 1.090"" E","36° 43' 34.080"" N",서항청,사용,RHF 헬기장,충북 청주시 청원구 오창대로 980,사설,60m,"1,000m",1:8,1:2,49.0m×64.0m,30.0m×30.0m,,07.5.10.,07.12.27.,주간시계비행
LT_P_AISHCSTRIP.68,Point,126.831283333,37.5636583329999,POINT(126.831283333 37.5636583329999),126.831283332999988,37.563658332999921,"126° 49' 52.620"" E","37° 33' 49.170"" N",서항청,사용,LG사이언스파크 옥상헬기장,서울시 강서구 마곡동 770-1번지,사설,57.30m,"1,000m",1:8,1:2,35.2m×35.2m,19.2m×19.2m,200m,17.1.16.,17.10.2.,주간시계비행
LT_P_AISHCSTRIP.69,Point,126.960083008,35.965698242,POINT(126.960083008 35.965698242),126.960083007999970,35.965698241999974,"126° 57' 36.299"" E","35° 57' 56.514"" N",서항청,사용,원광대학교병원 옥상헬기장,전북 익산시 무왕로 895,사설,10.82m,"1,000m",1:8,1:2,27.2m×27.2m,15m×15m,200m,17.3.29,17.11.7.,주야간시계비행
LT_P_AISHCSTRIP.7,Point,128.591491699,35.242126465,POINT(128.591491699 35.242126465),128.591491698999903,35.242126464999956,"128° 35' 29.370"" E","35° 14' 31.655"" N",부항청,사용,삼성창원병원 옥상헬기장,경남 마산시 회원구 합성2동 50번지,옥상,63.18,1000,8:1,2:1 1:1,21×18,21×18,200,1999-12-09,2000-02-12,주간시계비행
LT_P_AISHCSTRIP.70,Point,127.078388889,37.7583611109999,POINT(127.078388889 37.7583611109999),127.078388888999939,37.758361110999942,"127° 4' 42.200"" E","37° 45' 30.100"" N",서항청,사용,의정부성모병원 옥상헬기장,경기도 의정부시 천보로 271,사설,114.09m,"1,000m",1:8,1:2,27.16m×27.16m,15m×15m,200m,14.11.26.,18.3.20.,"주,야간 시계비행"
LT_P_AISHCSTRIP.71,Point,127.322038889,36.636261111,POINT(127.322038889 36.636261111),127.322038888999941,36.636261110999953,"127° 19' 19.340"" E","36° 38' 10.540"" N",서항청,사용,베스티안 오송병원 옥상헬기장,충북 청주시 흥덕구 오송읍 연제리 682-1번지,사설,83.8m,"1,000m",1:8,1:2,27.2m×27.2m,15m×15m,200m,17.2.14.,18.5.18.,"주,야간 시계비행"
LT_P_AISHCSTRIP.72,Point,128.146927778,37.4967027779999,POINT(128.146927778 37.4967027779999),128.146927777999963,37.496702777999928,"128° 8' 48.940"" E","37° 29' 48.130"" N",서항청,사용,강원도 소방본부 헬기장,강원도 횡성군 우천면 경강로 3829,사설,553.5m,"1,000m",1:8,1:2,37m×37m,20m×20m,200m,17.3.29.,17.12.18,"주,야간 시계비행"
LT_P_AISHCSTRIP.73,Point,126.836194444,37.557105556,POINT(126.836194444 37.557105556),126.836194443999943,37.557105555999954,"126° 50' 10.300"" E","37° 33' 25.580"" N",서항청,사용,이화여자대학교 제2부속병원 옥상헬기장,서울특별시 강서구 내발산동 157 일원 E1블록,사설,57.76m,"1,000m",1:8,1:2,27.2m×27.2m,15m×15m,200m,17.4.12.,18.9.21,"주,야간 시계비행"
LT_P_AISHCSTRIP.74,Point,127.139130556,37.4450805559999,POINT(127.139130556 37.4450805559999),127.139130555999941,37.445080555999937,"127° 8' 20.870"" E","37° 26' 42.290"" N",서항청,사용,성남시의료원 옥상헬기장,경기도 성남시 수정구 수정로 171번길 55,사설,103.3m,"1,000m",1:8,1:2,27.2m×27.2m,15m×15m,200m,18.9.6.,20.3.24,"주,야간 시계비행"
LT_P_AISHCSTRIP.75,Point,127.147930556,37.391938889,POINT(127.147930556 37.391938889),127.147930555999892,37.391938888999960,"127° 8' 52.550"" E","37° 23' 30.980"" N",서항청,사용,국군수도병원 옥상헬기장,경기도 성남시 분당구 새마을로 177번지 81,사설,170.35m,"1,000m",1:8,1:2,30.3m×30.3m,23.4m×23.4m,200m,17.11.20.,20.3.11,"주,야간 시계비행"
LT_P_AISHCSTRIP.76,Point,126.481708333,37.462338889,POINT(126.481708333 37.462338889),126.481708332999915,37.462338888999966,"126° 28' 54.150"" E","37° 27' 44.420"" N",서항청,사용,인천국제공항 육상헬기장,인천시 중구 운서동 2844-1번지 일원,사설,5.0m,"1,000m",1:8,1:2,46.0m×46.0m,25.1m×25.1m,200m,19.11.14,20.9.29,주간 시계비행
LT_P_AISHCSTRIP.77,Point,127.2577,36.519663889,POINT(127.2577 36.519663889),127.257699999999886,36.519663888999958,"127° 15' 27.720"" E","36° 31' 10.790"" N",서항청,사용,충남대학교병원(세종) 옥상헬기장,세종특별자치시 도담동 407,사설,101.6m,1000,1:8,1:2,26.5m*26.5m,15m×15m,200m,20.7.3,20.11.24,"주,야간 시계비행"
LT_P_AISHCSTRIP.78,Point,127.050708333,37.7521166669999,POINT(127.050708333 37.7521166669999),127.050708332999989,37.752116666999939,"127° 3' 2.550"" E","37° 45' 7.620"" N",서항청,사용,을지병원 옥상헬기장,경기도 의정부시 금오동 439-39,사설,128.4m,1000,1:8,1:2,27.2m×27.2m,15m×15m,200m,19.9.9,20.12.10,"주,야간 시계비행"
LT_P_AISHCSTRIP.79,Point,127.8106,37.0121,POINT(127.8106 37.0121),127.810599999999909,37.012099999999975,"127° 48' 38.160"" E","37° 0' 43.560"" N",서항청,사용,충청강원 119특수구조대 육상헬기장,충청북도 충주시 주덕읍 화곡리 1107,공용,135.45m,1000,1:8,1:2,43.5m×43.5m,23.5m×23.5m,200m,17.7.12.,20.2.26,"주,야간 시계비행"
LT_P_AISHCSTRIP.8,Point,128.685833333,35.8258333329999,POINT(128.685833333 35.8258333329999),128.685833332999891,35.825833332999935,"128° 41' 9.000"" E","35° 49' 33.000"" N",부항청,사용,대구종합경기장 육상헬기장,대구광역시 수성구 대흥동 504번지 대구월드컵경기장관리소장,육상,135.14,1000,7:1∼8:1,2:1 1:1,25×25,25×25,200,1999-10-02,2002-02-01,주간시계비행
LT_P_AISHCSTRIP.80,Point,127.590620639,35.718338278,POINT(127.590620639 35.718338278),127.590620638999894,35.718338277999976,"127° 35' 26.234"" E","35° 43' 6.018"" N",서항청,사용,전라북도 소방안전타운 육상헬기장,전라북도 장수군 계남면 호덕리 산14-2번지 일원,공용,392.3m,1000,1:8,1:2,37m×37m,20m×20m,200m,20.1.17.,23.5.2.,"주,야간 시계비행"
LT_P_AISHCSTRIP.81,Point,128.952418533,37.7624162999999,POINT(128.952418533 37.7624162999999),128.952418532999900,37.762416299999927,"128° 57' 8.707"" E","37° 45' 44.699"" N",서항청,사용,환동해특수재난대응단 육상헬기장,강원특별자치도 강릉시 남항진동 산7번지 일원,공용,3.5m,1000,1:8,1:2,43.5m×43.5m,23.5m×23.5m,200m,22.06.03.,24.2.29.,"주,야간 시계비행"
LT_P_AISHCSTRIP.82,Point,127.028672222,36.7955638889999,POINT(127.028672222 36.7955638889999),127.028672221999955,36.795563888999936,"127° 1' 43.220"" E","36° 47' 44.030"" N",서항청,사용,아산디스플레이시티 산업단지 육상헬기장,충청남도 아산시 권곡동 4-2번지 일원,사설,10.8m,1000,1:8,1:2,40.0m×40.0m,20m×20m,200m,24.01.12.,24.7.3.,주간 시계비행
LT_P_AISHCSTRIP.83,Point,127.086830556,37.225130556,POINT(127.086830556 37.225130556),127.086830555999882,37.225130555999954,"127° 5' 12.590"" E","37° 13' 30.470"" N",서항청,사용,삼성디스플레이 기흥캠퍼스 옥상헬기장,경기도 용인시 기흥구 농서동 188-2번지 일원,사설,149.3m,1000,1:8,1:2,31.6m×31.6m,17.2m×17.2m,200m,22.11.28.,24.7.15.,주간 시계비행
LT_P_AISHCSTRIP.84,Point,126.794380556,36.5137583329999,POINT(126.794380556 36.5137583329999),126.794380555999965,36.513758332999942,"126° 47' 39.770"" E","36° 30' 49.530"" N",서항청,사용,충청남도 소방복합시설,충청남도 청양군 비봉면 록평리 132-3번지 일원,공용,45.0m,1000,1:8,1:2,42.0m×42.0m,23.0m×23.0m,200m,20.7.17.,24.8.19.,"주,야간 시계비행"
LT_P_AISHCSTRIP.85,Point,127.135917729,36.8033190319999,POINT(127.135917729 36.8033190319999),127.135917728999971,36.803319031999933,"127° 8' 9.304"" E","36° 48' 11.949"" N",서항청,사용,순천향대 부속 천안병원 옥상헬기장,충청남도 천안시 동남구 순천향6길 31,사설,136.9m,1000,1:8,1:2,27.2m×27.2m,15.0m×15.0m,200m,23.08.28.,24.12.9.,"주,야간 시계비행"
LT_P_AISHCSTRIP.86,Point,127.541825,37.8388833329999,POINT(127.541825 37.8388833329999),127.541824999999903,37.838883332999956,"127° 32' 30.570"" E","37° 50' 19.980"" N",서항청,사용,춘천 한화 프리미엄 빌리지 육상헬기장,강원도 춘천ㅅ 남산면 서천리 산141-4번지 일원,사설,116.5m,1000,1:8,1:2,35.2m×35.2m,19.2m×19.2m,200m,25.01.07.,25.3.28.,"주,야간 시계비행"
LT_P_AISHCSTRIP.87,Point,128.950833333,37.7622222219999,POINT(128.950833333 37.7622222219999),128.950833332999991,37.762222221999934,"128° 57' 3.000"" E","37° 45' 44.000"" N",서항청,사용,강릉산림항공 관리소헬기장,강원도 강릉시 남항진동 산7-4번지,국가 기관,40m,"1,000m",1:8,1:2,155m×100m,155m×100m,200,99.12.27 (산림청),01.11.26,"주,야간 시계비행"
LT_P_AISHCSTRIP.88,Point,127.10232967,35.9541709819999,POINT(127.10232967 35.9541709819999),127.102329669999904,35.954170981999937,"127° 6' 8.387"" E","35° 57' 15.016"" N",서항청,사용,익산산림항공 관리소헬기장,전북 익산시 왕궁면 우주로 433-9,국가 기관,40m,"1,000m",1:8,1:2,120m×91m,120m×91m,200,95.12.27 (산림청),97.6.26,주간 시계비행
LT_P_AISHCSTRIP.89,Point,127.119901132,37.124384571,POINT(127.119901132 37.124384571),127.119901131999882,37.124384570999950,"127° 7' 11.644"" E","37° 7' 27.784"" N",서항청,사용,경기도 소방 항공대헬기장,경기도 용인시 처인구 남사면 봉명리 646-2,국가 기관,75m,"1,000m",1:8,1:2,120m×60m,120m×60m,200,97.06.02 (경기도),99.5.20,"주,야간 시계비행"
LT_P_AISHCSTRIP.9,Point,127.736073268,34.9320975479999,POINT(127.736073268 34.9320975479999),127.736073267999927,34.932097547999945,"127° 44' 9.864"" E","34° 55' 55.551"" N",부항청,사용,포스코 광양제철소 육상 헬기장,전남 광양시 금호동 700번지,육상,5.5,1000,8:1,2:1,25×25,25×25,200,2002-02-01,2002-03-15,주.야간시계비행
LT_P_AISHCSTRIP.90,Point,128.651510552,38.068527064,POINT(128.651510552 38.068527064),128.651510551999991,38.068527063999966,"128° 39' 5.438"" E","38° 4' 6.697"" N",서항청,사용,강원 소방항 공대 헬기장,강원도 양양군 손양면 학포리 산53번지,국가 기관,33m,1000,1:8,1:2,57m×50m,20m×20m,200,04.05.04 (강원도),04.5.4,"주,야간 시계비행"
LT_P_AISHCSTRIP.91,Point,126.595277778,33.4316666669999,POINT(126.595277778 33.4316666669999),126.595277777999968,33.431666666999945,"126° 35' 43.000"" E","33° 25' 54.000"" N",제항청,사용,제주삼림 항공관리사무소,제주시 용강동 산14-1,,569.0m,,,,35.0×35.0m,,,2017.11.6,2017.11.10,시계비행
LT_P_AISHCSTRIP.92,Point,126.544444444,33.4675,POINT(126.544444444 33.4675),126.544444443999964,33.467499999999973,"126° 32' 40.000"" E","33° 28' 3.000"" N",제항청,사용,제주대학병원,제주시 아란13길 15,,214.7m,,,,27.2×27.2m,,,2013.11.29,2014.12.22,시계비행
LT_P_AISHCSTRIP.93,Point,126.484722222,33.489722222,POINT(126.484722222 33.489722222),126.484722221999959,33.489722221999955,"126° 29' 5.000"" E","33° 29' 23.000"" N",제항청,사용,제주한라병원,제주시 도령로 65,,106.5m,,,,18.24×15m,,,2011.11.25,2011.11.26,시계비행
